request_id,amount_safe_to_pay,affordability_status,recommended_payment_method,payment_plan,earliest_date_for_full_payment,spending_changes_needed,decision_explanation
request_27,5159.40,not_affordable,not_recommended,none,,none,"Not affordable within the forecast period: the projected balance falls to ZAR 25,659.40, below the required minimum of 20,500, and no eligible payment method keeps the plan safe."
request_26,15656000,affordable_now,full_payment,2025-08-03:15656000,2025-08-03,none,"Pay IDR 15,656,000 in full today. This keeps the projected balance at or above the 24,768,300 minimum throughout the 90-day forecast (worst point projected at IDR 44,575,290.43)."
request_29,1457.66,not_affordable,not_recommended,none,,none,"Not affordable within the forecast period: the projected balance falls to ZAR 29,757.66, below the required minimum of 28,300, and no eligible payment method keeps the plan safe."
request_30,213.27,not_affordable,not_recommended,none,,none,"Not affordable within the forecast period: the projected balance falls to USD 1,113.27, below the required minimum of 900, and no eligible payment method keeps the plan safe."
request_28,0,not_affordable,not_recommended,none,,none,"Not affordable within the forecast period: the projected balance falls to EUR -1,908.09, below the required minimum of 1,100, and no eligible payment method keeps the plan safe."
request_31,0,not_affordable,not_recommended,none,,none,"Not affordable within the forecast period: the projected balance falls to IDR -1,578,626.94, below the required minimum of 16,588,900, and no eligible payment method keeps the plan safe."
request_32,0,not_affordable,not_recommended,none,,none,"Not affordable within the forecast period: the projected balance falls to ZAR -80,264.96, below the required minimum of 35,700, and no eligible payment method keeps the plan safe."
request_34,115630.21,not_affordable,not_recommended,none,,none,"Not affordable within the forecast period: the projected balance falls to INR 254,130.21, below the required minimum of 138,500, and no eligible payment method keeps the plan safe."
request_33,0,not_affordable,not_recommended,none,,none,"Not affordable within the forecast period: the projected balance falls to INR -194,279.85, below the required minimum of 102,100, and no eligible payment method keeps the plan safe."
request_35,0,not_affordable,not_recommended,none,,none,"Not affordable within the forecast period: the projected balance falls to INR -127,036.38, below the required minimum of 106,400, and no eligible payment method keeps the plan safe."
request_37,0,not_affordable,not_recommended,none,,none,"Not affordable within the forecast period: the projected balance falls to IDR -27,760,593.74, below the required minimum of 17,056,200, and no eligible payment method keeps the plan safe."
request_36,0,not_affordable,not_recommended,none,,none,"Not affordable within the forecast period: the projected balance falls to USD -895.87, below the required minimum of 2,400, and no eligible payment method keeps the plan safe."
request_39,0,not_affordable,not_recommended,none,,none,"Not affordable within the forecast period: the projected balance falls to INR -45,104, below the required minimum of 213,400, and no eligible payment method keeps the plan safe."
request_38,0,not_affordable,not_recommended,none,,none,"Not affordable within the forecast period: the projected balance falls to EUR -348.70, below the required minimum of 400, and no eligible payment method keeps the plan safe."
request_40,0,not_affordable,not_recommended,none,,none,"Not affordable within the forecast period: the projected balance falls to EUR -2,891.68, below the required minimum of 1,500, and no eligible payment method keeps the plan safe."
request_41,0,not_affordable,not_recommended,none,,none,"Not affordable within the forecast period: the projected balance falls to IDR -143,906.67, below the required minimum of 25,366,600, and no eligible payment method keeps the plan safe."
request_43,0,not_affordable,not_recommended,none,,none,"Not affordable within the forecast period: the projected balance falls to IDR -19,754,246.58, below the required minimum of 21,398,000, and no eligible payment method keeps the plan safe."
request_42,0,not_affordable,not_recommended,none,,none,"Not affordable within the forecast period: the projected balance falls to INR -101,136.92, below the required minimum of 113,100, and no eligible payment method keeps the plan safe."
request_45,0,not_affordable,not_recommended,none,,none,"Not affordable within the forecast period: the projected balance falls to IDR -9,765,444.18, below the required minimum of 11,149,800, and no eligible payment method keeps the plan safe."
request_44,0,not_affordable,not_recommended,none,,none,"Not affordable within the forecast period: the projected balance falls to INR -180,899.11, below the required minimum of 82,900, and no eligible payment method keeps the plan safe."
request_46,0,not_affordable,not_recommended,none,,none,"Not affordable within the forecast period: the projected balance falls to INR 9,387.86, below the required minimum of 84,000, and no eligible payment method keeps the plan safe."
request_47,6146709.46,not_affordable,not_recommended,none,,none,"Not affordable within the forecast period: the projected balance falls to IDR 36,195,709.46, below the required minimum of 30,049,000, and no eligible payment method keeps the plan safe."
request_48,0,not_affordable,not_recommended,none,,none,"Not affordable within the forecast period: the projected balance falls to INR -56,173.77, below the required minimum of 71,300, and no eligible payment method keeps the plan safe."
request_49,0,not_affordable,not_recommended,none,,none,"Not affordable within the forecast period: the projected balance falls to IDR -32,799,140.61, below the required minimum of 20,275,700, and no eligible payment method keeps the plan safe."
request_50,0,not_affordable,not_recommended,none,,none,"Not affordable within the forecast period: the projected balance falls to INR -67,038.48, below the required minimum of 99,700, and no eligible payment method keeps the plan safe."
request_51,0,not_affordable,not_recommended,none,,none,"Not affordable within the forecast period: the projected balance falls to IDR 7,386,551.15, below the required minimum of 7,811,000, and no eligible payment method keeps the plan safe."
request_53,0,not_affordable,not_recommended,none,,none,"Not affordable within the forecast period: the projected balance falls to USD -3,854.13, below the required minimum of 2,100, and no eligible payment method keeps the plan safe."
request_52,0,not_affordable,not_recommended,none,,none,"Not affordable within the forecast period: the projected balance falls to INR -60,336.81, below the required minimum of 41,500, and no eligible payment method keeps the plan safe."
request_54,0,not_affordable,not_recommended,none,,none,"Not affordable within the forecast period: the projected balance falls to ZAR -11,841.79, below the required minimum of 37,000, and no eligible payment method keeps the plan safe."
request_55,0,not_affordable,not_recommended,none,,none,"Not affordable within the forecast period: the projected balance falls to INR -247,357.70, below the required minimum of 124,300, and no eligible payment method keeps the plan safe."
request_56,0,not_affordable,not_recommended,none,,none,"Not affordable within the forecast period: the projected balance falls to USD 2,069.10, below the required minimum of 2,100, and no eligible payment method keeps the plan safe."
request_58,0,not_affordable,not_recommended,none,,none,"Not affordable within the forecast period: the projected balance falls to IDR -13,514,639.98, below the required minimum of 14,433,900, and no eligible payment method keeps the plan safe."
request_57,0,not_affordable,not_recommended,none,,none,"Not affordable within the forecast period: the projected balance falls to ZAR -33,284.61, below the required minimum of 42,700, and no eligible payment method keeps the plan safe."
request_59,115099.27,not_affordable,not_recommended,none,,none,"Not affordable within the forecast period: the projected balance falls to INR 247,699.27, below the required minimum of 132,600, and no eligible payment method keeps the plan safe."
request_60,0,not_affordable,not_recommended,none,,none,"Not affordable within the forecast period: the projected balance falls to USD -668.18, below the required minimum of 400, and no eligible payment method keeps the plan safe."
request_61,29062,affordable_with_plan,installments,2024-03-17:10074.83|2024-04-17:10074.83|2024-05-18:10074.83,2024-03-03,none,"Use installments: 2024-03-17: ZAR 10,074.83, then 2024-04-17: ZAR 10,074.83, then 2024-05-18: ZAR 10,074.83. This keeps the balance at or above the 36,700 minimum throughout the forecast."
request_63,0,not_affordable,not_recommended,none,,none,"Not affordable within the forecast period: the projected balance falls to INR -38,282.17, below the required minimum of 153,500, and no eligible payment method keeps the plan safe."
request_62,340.11,not_affordable,not_recommended,none,,none,"Not affordable within the forecast period: the projected balance falls to USD 1,640.11, below the required minimum of 1,300, and no eligible payment method keeps the plan safe."
request_64,0,not_affordable,not_recommended,none,,none,"Not affordable within the forecast period: the projected balance falls to INR -35,171.77, below the required minimum of 36,100, and no eligible payment method keeps the plan safe."
request_65,0,not_affordable,not_recommended,none,,none,"Not affordable within the forecast period: the projected balance falls to ZAR -11,194.47, below the required minimum of 15,500, and no eligible payment method keeps the plan safe."
request_67,0,not_affordable,not_recommended,none,,none,"Not affordable within the forecast period: the projected balance falls to USD 128.90, below the required minimum of 1,200, and no eligible payment method keeps the plan safe."
request_66,22200,affordable_now,full_payment,2026-04-03:22200,2026-04-03,none,"Pay INR 22,200 in full today. This keeps the projected balance at or above the 80,700 minimum throughout the 90-day forecast (worst point projected at INR 124,786.43)."
request_68,0,not_affordable,not_recommended,none,,none,"Not affordable within the forecast period: the projected balance falls to USD -2,266.83, below the required minimum of 1,500, and no eligible payment method keeps the plan safe."
request_69,0,not_affordable,not_recommended,none,,none,"Not affordable within the forecast period: the projected balance falls to EUR -1,272.84, below the required minimum of 700, and no eligible payment method keeps the plan safe."
request_70,0,not_affordable,not_recommended,none,,none,"Not affordable within the forecast period: the projected balance falls to INR -207,991.50, below the required minimum of 115,000, and no eligible payment method keeps the plan safe."
request_71,0,not_affordable,not_recommended,none,,none,"Not affordable within the forecast period: the projected balance falls to IDR -15,424,549.69, below the required minimum of 8,884,800, and no eligible payment method keeps the plan safe."
request_72,0,not_affordable,not_recommended,none,,none,"Not affordable within the forecast period: the projected balance falls to ZAR -17,839.29, below the required minimum of 12,200, and no eligible payment method keeps the plan safe."
request_74,5010,affordable_now,full_payment,2025-08-04:5010,2025-08-04,none,"Pay ZAR 5,010 in full today. This keeps the projected balance at or above the 21,900 minimum throughout the 90-day forecast (worst point projected at ZAR 31,423.09)."
request_73,0,not_affordable,not_recommended,none,,none,"Not affordable within the forecast period: the projected balance falls to INR -47,017.92, below the required minimum of 103,200, and no eligible payment method keeps the plan safe."
request_75,26058.40,affordable_with_plan,installments,2026-04-09:9800.27|2026-05-09:9800.27|2026-06-08:9800.27,,reduce_to:projected:dining:2026-04-17:1254.33|reduce_to:projected:dining:2026-05-08:1254.33|reduce_to:projected:dining:2026-05-29:1254.33,"Use installments: 2026-04-09: ZAR 9,800.27, then 2026-05-09: ZAR 9,800.27, then 2026-06-08: ZAR 9,800.27. This keeps the balance at or above the 39,000 minimum throughout the forecast. Requires: reduce_to:projected:dining:2026-04-17:1254.33; reduce_to:projected:dining:2026-05-08:1254.33; reduce_to:projected:dining:2026-05-29:1254.33."
request_77,0,not_affordable,not_recommended,none,,none,"Not affordable within the forecast period: the projected balance falls to INR -79,045.06, below the required minimum of 82,200, and no eligible payment method keeps the plan safe."
request_76,0,not_affordable,not_recommended,none,,none,"Not affordable within the forecast period: the projected balance falls to USD -2,547.57, below the required minimum of 1,800, and no eligible payment method keeps the plan safe."
request_78,0,not_affordable,not_recommended,none,,none,"Not affordable within the forecast period: the projected balance falls to INR -76,181.51, below the required minimum of 55,200, and no eligible payment method keeps the plan safe."
request_79,0,not_affordable,not_recommended,none,,none,"Not affordable within the forecast period: the projected balance falls to EUR -570.32, below the required minimum of 1,000, and no eligible payment method keeps the plan safe."
request_80,0,not_affordable,not_recommended,none,,none,"Not affordable within the forecast period: the projected balance falls to INR -134,501.66, below the required minimum of 121,300, and no eligible payment method keeps the plan safe."
request_82,0,not_affordable,not_recommended,none,,none,"Not affordable within the forecast period: the projected balance falls to USD -2,208.09, below the required minimum of 1,100, and no eligible payment method keeps the plan safe."
request_81,0,not_affordable,not_recommended,none,,none,"Not affordable within the forecast period: the projected balance falls to USD -3,168.99, below the required minimum of 1,600, and no eligible payment method keeps the plan safe."
request_83,0,not_affordable,not_recommended,none,,none,"Not affordable within the forecast period: the projected balance falls to INR -43,907.36, below the required minimum of 37,800, and no eligible payment method keeps the plan safe."
request_85,0,not_affordable,not_recommended,none,,none,"Not affordable within the forecast period: the projected balance falls to IDR -10,695,955.10, below the required minimum of 6,396,300, and no eligible payment method keeps the plan safe."
request_84,0,not_affordable,not_recommended,none,,none,"Not affordable within the forecast period: the projected balance falls to INR -112,417.10, below the required minimum of 91,300, and no eligible payment method keeps the plan safe."
request_86,0,not_affordable,not_recommended,none,,none,"Not affordable within the forecast period: the projected balance falls to INR 19,653.88, below the required minimum of 84,900, and no eligible payment method keeps the plan safe."
request_87,0,not_affordable,not_recommended,none,,none,"Not affordable within the forecast period: the projected balance falls to INR -335,298.90, below the required minimum of 185,900, and no eligible payment method keeps the plan safe."
request_89,0,not_affordable,not_recommended,none,,none,"Not affordable within the forecast period: the projected balance falls to IDR 4,494,916.82, below the required minimum of 12,534,700, and no eligible payment method keeps the plan safe."
request_88,0,not_affordable,not_recommended,none,,none,"Not affordable within the forecast period: the projected balance falls to ZAR -21,289.84, below the required minimum of 25,800, and no eligible payment method keeps the plan safe."
request_90,0,not_affordable,not_recommended,none,,none,"Not affordable within the forecast period: the projected balance falls to ZAR 6,662.32, below the required minimum of 7,600, and no eligible payment method keeps the plan safe."
request_91,0,not_affordable,not_recommended,none,,none,"Not affordable within the forecast period: the projected balance falls to EUR -3,035.79, below the required minimum of 2,100, and no eligible payment method keeps the plan safe."
request_92,0,not_affordable,not_recommended,none,,none,"Not affordable within the forecast period: the projected balance falls to ZAR -3,410.99, below the required minimum of 28,100, and no eligible payment method keeps the plan safe."
request_93,0,not_affordable,not_recommended,none,,none,"Not affordable within the forecast period: the projected balance falls to USD -484.99, below the required minimum of 1,900, and no eligible payment method keeps the plan safe."
request_94,490.11,not_affordable,not_recommended,none,,none,"Not affordable within the forecast period: the projected balance falls to EUR 1,090.11, below the required minimum of 600, and no eligible payment method keeps the plan safe."
request_95,0,not_affordable,not_recommended,none,,none,"Not affordable within the forecast period: the projected balance falls to INR -299,538.67, below the required minimum of 145,500, and no eligible payment method keeps the plan safe."
request_96,3119.62,not_affordable,not_recommended,none,,none,"Not affordable within the forecast period: the projected balance falls to INR 59,619.62, below the required minimum of 56,500, and no eligible payment method keeps the plan safe."
request_97,0,not_affordable,not_recommended,none,,none,"Not affordable within the forecast period: the projected balance falls to ZAR 3,775.87, below the required minimum of 29,700, and no eligible payment method keeps the plan safe."
request_99,217.62,not_affordable,not_recommended,none,,none,"Not affordable within the forecast period: the projected balance falls to ZAR 49,317.62, below the required minimum of 49,100, and no eligible payment method keeps the plan safe."
request_100,0,not_affordable,not_recommended,none,,none,"Not affordable within the forecast period: the projected balance falls to ZAR 11,988.66, below the required minimum of 32,500, and no eligible payment method keeps the plan safe."
request_98,0,not_affordable,not_recommended,none,,none,"Not affordable within the forecast period: the projected balance falls to ZAR -58,095.77, below the required minimum of 30,000, and no eligible payment method keeps the plan safe."
request_101,0,not_affordable,not_recommended,none,,none,"Not affordable within the forecast period: the projected balance falls to INR 6,928.96, below the required minimum of 187,400, and no eligible payment method keeps the plan safe."
request_102,1716,affordable_with_plan,installments,2026-04-05:594.88|2026-05-05:594.88|2026-06-04:594.88,2026-04-05,reduce_to:projected:shopping:2026-04-12:31.45|reduce_to:projected:shopping:2026-05-12:31.45,"Use installments: 2026-04-05: EUR 594.88, then 2026-05-05: EUR 594.88, then 2026-06-04: EUR 594.88. This keeps the balance at or above the 900 minimum throughout the forecast. Requires: reduce_to:projected:shopping:2026-04-12:31.45; reduce_to:projected:shopping:2026-05-12:31.45."
request_103,0,not_affordable,not_recommended,none,,none,"Not affordable within the forecast period: the projected balance falls to INR -233,390.96, below the required minimum of 125,500, and no eligible payment method keeps the plan safe."
request_104,0,not_affordable,not_recommended,none,,none,"Not affordable within the forecast period: the projected balance falls to ZAR -30,589.99, below the required minimum of 24,700, and no eligible payment method keeps the plan safe."
request_105,0,not_affordable,not_recommended,none,,none,"Not affordable within the forecast period: the projected balance falls to INR -138,990.61, below the required minimum of 73,900, and no eligible payment method keeps the plan safe."
request_107,0,not_affordable,not_recommended,none,,none,"Not affordable within the forecast period: the projected balance falls to EUR -597.73, below the required minimum of 1,600, and no eligible payment method keeps the plan safe."
request_106,0,not_affordable,not_recommended,none,,none,"Not affordable within the forecast period: the projected balance falls to EUR -1,130.48, below the required minimum of 1,200, and no eligible payment method keeps the plan safe."
request_109,0,not_affordable,not_recommended,none,,none,"Not affordable within the forecast period: the projected balance falls to EUR -248.98, below the required minimum of 1,700, and no eligible payment method keeps the plan safe."
request_110,15594.39,not_affordable,not_recommended,none,,none,"Not affordable within the forecast period: the projected balance falls to ZAR 26,794.39, below the required minimum of 11,200, and no eligible payment method keeps the plan safe."
request_108,0,not_affordable,not_recommended,none,,none,"Not affordable within the forecast period: the projected balance falls to ZAR -15,591.49, below the required minimum of 24,100, and no eligible payment method keeps the plan safe."
request_112,0,not_affordable,not_recommended,none,,none,"Not affordable within the forecast period: the projected balance falls to EUR -942.76, below the required minimum of 500, and no eligible payment method keeps the plan safe."
request_111,14245002.75,not_affordable,not_recommended,none,,none,"Not affordable within the forecast period: the projected balance falls to IDR 37,267,802.75, below the required minimum of 23,022,800, and no eligible payment method keeps the plan safe."
request_114,0,not_affordable,not_recommended,none,,none,"Not affordable within the forecast period: the projected balance falls to INR -151,443.87, below the required minimum of 113,400, and no eligible payment method keeps the plan safe."
request_113,0,not_affordable,not_recommended,none,,none,"Not affordable within the forecast period: the projected balance falls to INR -122,617.86, below the required minimum of 82,300, and no eligible payment method keeps the plan safe."
request_115,0,not_affordable,not_recommended,none,,none,"Not affordable within the forecast period: the projected balance falls to INR -16,799.41, below the required minimum of 38,800, and no eligible payment method keeps the plan safe."
request_116,0,not_affordable,not_recommended,none,,none,"Not affordable within the forecast period: the projected balance falls to INR -63,228.29, below the required minimum of 80,300, and no eligible payment method keeps the plan safe."
request_118,0,not_affordable,not_recommended,none,,none,"Not affordable within the forecast period: the projected balance falls to EUR -626.59, below the required minimum of 600, and no eligible payment method keeps the plan safe."
request_117,0,not_affordable,not_recommended,none,,none,"Not affordable within the forecast period: the projected balance falls to EUR 419.90, below the required minimum of 1,000, and no eligible payment method keeps the plan safe."
request_119,0,not_affordable,not_recommended,none,,none,"Not affordable within the forecast period: the projected balance falls to INR -32,239.49, below the required minimum of 151,200, and no eligible payment method keeps the plan safe."
request_120,0,not_affordable,not_recommended,none,,none,"Not affordable within the forecast period: the projected balance falls to IDR -15,774,595.45, below the required minimum of 20,050,300, and no eligible payment method keeps the plan safe."
request_121,0,not_affordable,not_recommended,none,,none,"Not affordable within the forecast period: the projected balance falls to USD 695.09, below the required minimum of 800, and no eligible payment method keeps the plan safe."
request_123,0,not_affordable,not_recommended,none,,none,"Not affordable within the forecast period: the projected balance falls to IDR 15,864,737.65, below the required minimum of 18,091,200, and no eligible payment method keeps the plan safe."
request_124,0,not_affordable,not_recommended,none,,none,"Not affordable within the forecast period: the projected balance falls to EUR 968.37, below the required minimum of 1,600, and no eligible payment method keeps the plan safe."
request_122,20558000,affordable_with_plan,installments,2025-08-05:7126773.33|2025-09-02:7126773.33|2025-09-30:7126773.33,2025-08-05,none,"Use installments: 2025-08-05: IDR 7,126,773.33, then 2025-09-02: IDR 7,126,773.33, then 2025-09-30: IDR 7,126,773.33. This keeps the balance at or above the 12,588,500 minimum throughout the forecast."
request_125,0,not_affordable,not_recommended,none,,none,"Not affordable within the forecast period: the projected balance falls to ZAR -18,563.79, below the required minimum of 11,300, and no eligible payment method keeps the plan safe."
request_126,0,not_affordable,not_recommended,none,,none,"Not affordable within the forecast period: the projected balance falls to INR 113,342.14, below the required minimum of 129,700, and no eligible payment method keeps the plan safe."
request_127,0,not_affordable,not_recommended,none,,none,"Not affordable within the forecast period: the projected balance falls to ZAR -41,503.89, below the required minimum of 41,000, and no eligible payment method keeps the plan safe."
request_128,0,not_affordable,not_recommended,none,,none,"Not affordable within the forecast period: the projected balance falls to ZAR -3,058.71, below the required minimum of 42,600, and no eligible payment method keeps the plan safe."
request_129,0,not_affordable,not_recommended,none,,none,"Not affordable within the forecast period: the projected balance falls to USD -540.45, below the required minimum of 800, and no eligible payment method keeps the plan safe."
request_130,0,not_affordable,not_recommended,none,,none,"Not affordable within the forecast period: the projected balance falls to USD -2,634.62, below the required minimum of 1,400, and no eligible payment method keeps the plan safe."
request_131,0,not_affordable,not_recommended,none,,none,"Not affordable within the forecast period: the projected balance falls to USD -508.51, below the required minimum of 1,100, and no eligible payment method keeps the plan safe."
request_132,0,not_affordable,not_recommended,none,,none,"Not affordable within the forecast period: the projected balance falls to USD -1,268.22, below the required minimum of 1,100, and no eligible payment method keeps the plan safe."
request_134,0,not_affordable,not_recommended,none,,none,"Not affordable within the forecast period: the projected balance falls to IDR -316,979.01, below the required minimum of 15,902,500, and no eligible payment method keeps the plan safe."
request_133,0,not_affordable,not_recommended,none,,none,"Not affordable within the forecast period: the projected balance falls to IDR 7,941,062.12, below the required minimum of 9,986,200, and no eligible payment method keeps the plan safe."
request_135,0,not_affordable,not_recommended,none,,none,"Not affordable within the forecast period: the projected balance falls to USD -509.81, below the required minimum of 500, and no eligible payment method keeps the plan safe."
request_136,0,not_affordable,not_recommended,none,,none,"Not affordable within the forecast period: the projected balance falls to USD 372.93, below the required minimum of 1,100, and no eligible payment method keeps the plan safe."
request_137,0,not_affordable,not_recommended,none,,none,"Not affordable within the forecast period: the projected balance falls to INR -191,352.33, below the required minimum of 71,800, and no eligible payment method keeps the plan safe."
request_139,218.89,not_affordable,not_recommended,none,,none,"Not affordable within the forecast period: the projected balance falls to USD 1,718.89, below the required minimum of 1,500, and no eligible payment method keeps the plan safe."
request_138,0,not_affordable,not_recommended,none,,none,"Not affordable within the forecast period: the projected balance falls to EUR -1,063.07, below the required minimum of 2,300, and no eligible payment method keeps the plan safe."
request_140,0,not_affordable,not_recommended,none,,none,"Not affordable within the forecast period: the projected balance falls to ZAR -54,474.04, below the required minimum of 21,600, and no eligible payment method keeps the plan safe."
request_141,0,not_affordable,not_recommended,none,,none,"Not affordable within the forecast period: the projected balance falls to INR -112,696.78, below the required minimum of 67,300, and no eligible payment method keeps the plan safe."
request_142,1263.60,affordable_now,full_payment,2024-12-05:1263.60,2024-12-05,none,"Pay USD 1,263.60 in full today. This keeps the projected balance at or above the 1,700 minimum throughout the 90-day forecast (worst point projected at USD 3,081.81)."
request_143,0,not_affordable,not_recommended,none,,none,"Not affordable within the forecast period: the projected balance falls to ZAR -17,977.64, below the required minimum of 11,300, and no eligible payment method keeps the plan safe."
request_144,0,not_affordable,not_recommended,none,,none,"Not affordable within the forecast period: the projected balance falls to USD -1,169.75, below the required minimum of 600, and no eligible payment method keeps the plan safe."
request_145,0,not_affordable,not_recommended,none,,none,"Not affordable within the forecast period: the projected balance falls to INR -369,438.32, below the required minimum of 155,400, and no eligible payment method keeps the plan safe."
request_146,0,not_affordable,not_recommended,none,,none,"Not affordable within the forecast period: the projected balance falls to INR 33,256.07, below the required minimum of 108,600, and no eligible payment method keeps the plan safe."
request_147,0,not_affordable,not_recommended,none,,none,"Not affordable within the forecast period: the projected balance falls to EUR -1,034.82, below the required minimum of 900, and no eligible payment method keeps the plan safe."
request_149,0,not_affordable,not_recommended,none,,none,"Not affordable within the forecast period: the projected balance falls to ZAR 23,592.08, below the required minimum of 42,100, and no eligible payment method keeps the plan safe."
request_148,0,not_affordable,not_recommended,none,,none,"Not affordable within the forecast period: the projected balance falls to ZAR -43,067, below the required minimum of 20,000, and no eligible payment method keeps the plan safe."
request_150,0,not_affordable,not_recommended,none,,none,"Not affordable within the forecast period: the projected balance falls to EUR -1,331.91, below the required minimum of 700, and no eligible payment method keeps the plan safe."
request_151,0,not_affordable,not_recommended,none,,none,"Not affordable within the forecast period: the projected balance falls to IDR -13,352,296.03, below the required minimum of 31,633,600, and no eligible payment method keeps the plan safe."
request_152,0,not_affordable,not_recommended,none,,none,"Not affordable within the forecast period: the projected balance falls to ZAR -10,691.70, below the required minimum of 11,900, and no eligible payment method keeps the plan safe."
request_153,0,not_affordable,not_recommended,none,,none,"Not affordable within the forecast period: the projected balance falls to USD -3,008.61, below the required minimum of 1,400, and no eligible payment method keeps the plan safe."
request_154,0,not_affordable,not_recommended,none,,none,"Not affordable within the forecast period: the projected balance falls to EUR 782.67, below the required minimum of 1,300, and no eligible payment method keeps the plan safe."
request_155,13346.84,not_affordable,not_recommended,none,,none,"Not affordable within the forecast period: the projected balance falls to INR 69,646.84, below the required minimum of 56,300, and no eligible payment method keeps the plan safe."
request_156,0,not_affordable,not_recommended,none,,none,"Not affordable within the forecast period: the projected balance falls to ZAR -9,466.42, below the required minimum of 26,900, and no eligible payment method keeps the plan safe."
request_158,203738.63,not_affordable,not_recommended,none,,none,"Not affordable within the forecast period: the projected balance falls to INR 335,138.63, below the required minimum of 131,400, and no eligible payment method keeps the plan safe."
request_157,0,not_affordable,not_recommended,none,,none,"Not affordable within the forecast period: the projected balance falls to IDR -32,032,442.97, below the required minimum of 15,714,100, and no eligible payment method keeps the plan safe."
request_160,0,not_affordable,not_recommended,none,,none,"Not affordable within the forecast period: the projected balance falls to EUR -1,218.93, below the required minimum of 1,200, and no eligible payment method keeps the plan safe."
request_159,256.83,not_affordable,not_recommended,none,,none,"Not affordable within the forecast period: the projected balance falls to ZAR 8,956.83, below the required minimum of 8,700, and no eligible payment method keeps the plan safe."
request_161,0,not_affordable,not_recommended,none,,none,"Not affordable within the forecast period: the projected balance falls to IDR -25,681,881.71, below the required minimum of 23,010,400, and no eligible payment method keeps the plan safe."
request_162,0,not_affordable,not_recommended,none,,none,"Not affordable within the forecast period: the projected balance falls to IDR -9,551,942.94, below the required minimum of 24,161,100, and no eligible payment method keeps the plan safe."
request_163,0,not_affordable,not_recommended,none,,none,"Not affordable within the forecast period: the projected balance falls to IDR -35,924,011.87, below the required minimum of 26,728,700, and no eligible payment method keeps the plan safe."
request_164,0,not_affordable,not_recommended,none,,none,"Not affordable within the forecast period: the projected balance falls to IDR -2,113,487.97, below the required minimum of 29,550,500, and no eligible payment method keeps the plan safe."
request_165,79004.86,affordable_with_plan,full_payment,2026-04-06:80600,,reduce_to:projected:dining:2026-04-20:1740.64,"Use full payment: 2026-04-06: INR 80,600. This keeps the balance at or above the 95,000 minimum throughout the forecast. Requires: reduce_to:projected:dining:2026-04-20:1740.64."
request_166,2907.60,affordable_with_plan,installments,2024-12-03:1007.97|2025-01-03:1007.97|2025-02-03:1007.97,2024-12-03,none,"Use installments: 2024-12-03: USD 1,007.97, then 2025-01-03: USD 1,007.97, then 2025-02-03: USD 1,007.97. This keeps the balance at or above the 1,700 minimum throughout the forecast."
request_167,0,not_affordable,not_recommended,none,,none,"Not affordable within the forecast period: the projected balance falls to ZAR -9,459.29, below the required minimum of 31,200, and no eligible payment method keeps the plan safe."
request_168,0,not_affordable,not_recommended,none,,none,"Not affordable within the forecast period: the projected balance falls to INR -192,638.61, below the required minimum of 114,400, and no eligible payment method keeps the plan safe."
request_169,0,not_affordable,not_recommended,none,,none,"Not affordable within the forecast period: the projected balance falls to ZAR 4,243.51, below the required minimum of 18,700, and no eligible payment method keeps the plan safe."
request_170,0,not_affordable,not_recommended,none,,none,"Not affordable within the forecast period: the projected balance falls to IDR -35,123,534.84, below the required minimum of 24,715,800, and no eligible payment method keeps the plan safe."
request_172,0,not_affordable,not_recommended,none,,none,"Not affordable within the forecast period: the projected balance falls to ZAR -36,044.10, below the required minimum of 27,200, and no eligible payment method keeps the plan safe."
request_171,0,not_affordable,not_recommended,none,,none,"Not affordable within the forecast period: the projected balance falls to EUR -422.14, below the required minimum of 500, and no eligible payment method keeps the plan safe."
request_174,1146.20,affordable_with_plan,installments,2026-04-04:397.35|2026-05-04:397.35|2026-06-03:397.35,2026-04-04,none,"Use installments: 2026-04-04: EUR 397.35, then 2026-05-04: EUR 397.35, then 2026-06-03: EUR 397.35. This keeps the balance at or above the 700 minimum throughout the forecast."
request_173,0,not_affordable,not_recommended,none,,none,"Not affordable within the forecast period: the projected balance falls to INR -139,035.31, below the required minimum of 79,100, and no eligible payment method keeps the plan safe."
request_175,0,not_affordable,not_recommended,none,,none,"Not affordable within the forecast period: the projected balance falls to EUR 836.29, below the required minimum of 1,700, and no eligible payment method keeps the plan safe."
request_176,0,not_affordable,not_recommended,none,,none,"Not affordable within the forecast period: the projected balance falls to EUR -640.61, below the required minimum of 600, and no eligible payment method keeps the plan safe."
request_177,0,not_affordable,not_recommended,none,,none,"Not affordable within the forecast period: the projected balance falls to USD -1,691.33, below the required minimum of 1,300, and no eligible payment method keeps the plan safe."
request_179,0,not_affordable,not_recommended,none,,none,"Not affordable within the forecast period: the projected balance falls to IDR -46,357,833.86, below the required minimum of 41,430,800, and no eligible payment method keeps the plan safe."
request_178,2568.98,not_affordable,not_recommended,none,,none,"Not affordable within the forecast period: the projected balance falls to EUR 3,968.98, below the required minimum of 1,400, and no eligible payment method keeps the plan safe."
request_180,0,not_affordable,not_recommended,none,,none,"Not affordable within the forecast period: the projected balance falls to INR -25,042.46, below the required minimum of 37,300, and no eligible payment method keeps the plan safe."
request_181,0,not_affordable,not_recommended,none,,none,"Not affordable within the forecast period: the projected balance falls to USD -542.03, below the required minimum of 2,000, and no eligible payment method keeps the plan safe."
request_182,3927.17,not_affordable,not_recommended,none,,none,"Not affordable within the forecast period: the projected balance falls to ZAR 35,027.17, below the required minimum of 31,100, and no eligible payment method keeps the plan safe."
request_183,0,not_affordable,not_recommended,none,,none,"Not affordable within the forecast period: the projected balance falls to IDR -14,167,984.88, below the required minimum of 11,878,300, and no eligible payment method keeps the plan safe."
request_184,0,not_affordable,not_recommended,none,,none,"Not affordable within the forecast period: the projected balance falls to INR -192,644.07, below the required minimum of 110,800, and no eligible payment method keeps the plan safe."
request_185,0,not_affordable,not_recommended,none,,none,"Not affordable within the forecast period: the projected balance falls to EUR -1,915.52, below the required minimum of 1,300, and no eligible payment method keeps the plan safe."
request_186,0,not_affordable,not_recommended,none,,none,"Not affordable within the forecast period: the projected balance falls to ZAR -43,584.48, below the required minimum of 22,000, and no eligible payment method keeps the plan safe."
request_187,0,not_affordable,not_recommended,none,,none,"Not affordable within the forecast period: the projected balance falls to INR -28,432.61, below the required minimum of 128,300, and no eligible payment method keeps the plan safe."
request_188,0,not_affordable,not_recommended,none,,none,"Not affordable within the forecast period: the projected balance falls to EUR -2,831.32, below the required minimum of 900, and no eligible payment method keeps the plan safe."
request_190,0,not_affordable,not_recommended,none,,none,"Not affordable within the forecast period: the projected balance falls to EUR -1,403.48, below the required minimum of 1,600, and no eligible payment method keeps the plan safe."
request_189,0,not_affordable,not_recommended,none,,none,"Not affordable within the forecast period: the projected balance falls to EUR 227.34, below the required minimum of 400, and no eligible payment method keeps the plan safe."
request_192,0,not_affordable,not_recommended,none,,none,"Not affordable within the forecast period: the projected balance falls to USD -233.45, below the required minimum of 1,000, and no eligible payment method keeps the plan safe."
request_191,0,not_affordable,not_recommended,none,,none,"Not affordable within the forecast period: the projected balance falls to EUR 319.42, below the required minimum of 500, and no eligible payment method keeps the plan safe."
request_193,0,not_affordable,not_recommended,none,,none,"Not affordable within the forecast period: the projected balance falls to EUR -2,413.19, below the required minimum of 1,000, and no eligible payment method keeps the plan safe."
request_194,0,not_affordable,not_recommended,none,,none,"Not affordable within the forecast period: the projected balance falls to INR -97,553.66, below the required minimum of 113,600, and no eligible payment method keeps the plan safe."
request_195,0,not_affordable,not_recommended,none,,none,"Not affordable within the forecast period: the projected balance falls to EUR -869, below the required minimum of 700, and no eligible payment method keeps the plan safe."
request_196,564.32,not_affordable,not_recommended,none,,none,"Not affordable within the forecast period: the projected balance falls to EUR 1,064.32, below the required minimum of 500, and no eligible payment method keeps the plan safe."
request_197,0,not_affordable,not_recommended,none,,none,"Not affordable within the forecast period: the projected balance falls to IDR -15,895,090.29, below the required minimum of 26,245,900, and no eligible payment method keeps the plan safe."
request_198,0,not_affordable,not_recommended,none,,none,"Not affordable within the forecast period: the projected balance falls to INR 119,234.76, below the required minimum of 124,300, and no eligible payment method keeps the plan safe."
request_200,0,not_affordable,not_recommended,none,,none,"Not affordable within the forecast period: the projected balance falls to IDR 10,760,848.91, below the required minimum of 20,114,600, and no eligible payment method keeps the plan safe."
request_199,23674000,affordable_with_plan,installments,2024-09-07:8206986.67|2024-10-08:8206986.67|2024-11-08:8206986.67,2024-09-04,none,"Use installments: 2024-09-07: IDR 8,206,986.67, then 2024-10-08: IDR 8,206,986.67, then 2024-11-08: IDR 8,206,986.67. This keeps the balance at or above the 25,359,500 minimum throughout the forecast."
request_202,0,not_affordable,not_recommended,none,,none,"Not affordable within the forecast period: the projected balance falls to INR -70,750.41, below the required minimum of 147,800, and no eligible payment method keeps the plan safe."
request_203,1184.76,not_affordable,not_recommended,none,,none,"Not affordable within the forecast period: the projected balance falls to EUR 2,584.76, below the required minimum of 1,400, and no eligible payment method keeps the plan safe."
request_201,23997000,affordable_now,full_payment,2026-04-03:23997000,2026-04-03,none,"Pay IDR 23,997,000 in full today. This keeps the projected balance at or above the 17,304,500 minimum throughout the 90-day forecast (worst point projected at IDR 47,804,848.95)."
request_205,0,not_affordable,not_recommended,none,,none,"Not affordable within the forecast period: the projected balance falls to IDR -1,238,006.62, below the required minimum of 13,994,300, and no eligible payment method keeps the plan safe."
request_204,0,not_affordable,not_recommended,none,,none,"Not affordable within the forecast period: the projected balance falls to EUR -2,823.96, below the required minimum of 1,300, and no eligible payment method keeps the plan safe."
request_206,1404.70,affordable_with_plan,installments,2025-08-03:486.96|2025-08-31:486.96|2025-09-28:486.96,2025-08-03,none,"Use installments: 2025-08-03: EUR 486.96, then 2025-08-31: EUR 486.96, then 2025-09-28: EUR 486.96. This keeps the balance at or above the 900 minimum throughout the forecast."
request_207,0,not_affordable,not_recommended,none,,none,"Not affordable within the forecast period: the projected balance falls to ZAR 7,170.02, below the required minimum of 13,600, and no eligible payment method keeps the plan safe."
request_209,0,not_affordable,not_recommended,none,,none,"Not affordable within the forecast period: the projected balance falls to ZAR 14,255.56, below the required minimum of 18,400, and no eligible payment method keeps the plan safe."
request_208,0,not_affordable,not_recommended,none,,none,"Not affordable within the forecast period: the projected balance falls to IDR -14,965,209.98, below the required minimum of 10,470,700, and no eligible payment method keeps the plan safe."
request_210,0,not_affordable,not_recommended,none,,none,"Not affordable within the forecast period: the projected balance falls to USD -2,140.45, below the required minimum of 2,000, and no eligible payment method keeps the plan safe."
request_211,0,not_affordable,not_recommended,none,,none,"Not affordable within the forecast period: the projected balance falls to EUR 10.52, below the required minimum of 1,500, and no eligible payment method keeps the plan safe."
request_213,2723.58,not_affordable,not_recommended,none,,none,"Not affordable within the forecast period: the projected balance falls to USD 4,823.58, below the required minimum of 2,100, and no eligible payment method keeps the plan safe."
request_212,0,not_affordable,not_recommended,none,,none,"Not affordable within the forecast period: the projected balance falls to IDR -40,630,813.14, below the required minimum of 29,579,800, and no eligible payment method keeps the plan safe."
request_214,0,not_affordable,not_recommended,none,,none,"Not affordable within the forecast period: the projected balance falls to INR -225,920.16, below the required minimum of 174,900, and no eligible payment method keeps the plan safe."
request_215,29986,affordable_with_plan,installments,2025-05-09:10395.15|2025-06-06:10395.15|2025-07-04:10395.15,2025-05-06,none,"Use installments: 2025-05-09: ZAR 10,395.15, then 2025-06-06: ZAR 10,395.15, then 2025-07-04: ZAR 10,395.15. This keeps the balance at or above the 15,700 minimum throughout the forecast."
request_217,0,not_affordable,not_recommended,none,,none,"Not affordable within the forecast period: the projected balance falls to ZAR 1,685.34, below the required minimum of 26,800, and no eligible payment method keeps the plan safe."
request_218,8006859.08,not_affordable,not_recommended,none,,none,"Not affordable within the forecast period: the projected balance falls to IDR 42,484,059.08, below the required minimum of 34,477,200, and no eligible payment method keeps the plan safe."
request_216,0,not_affordable,not_recommended,none,,none,"Not affordable within the forecast period: the projected balance falls to USD -844.61, below the required minimum of 1,800, and no eligible payment method keeps the plan safe."
request_219,0,not_affordable,not_recommended,none,,none,"Not affordable within the forecast period: the projected balance falls to EUR -1,172.58, below the required minimum of 1,100, and no eligible payment method keeps the plan safe."
request_220,0,not_affordable,not_recommended,none,,none,"Not affordable within the forecast period: the projected balance falls to EUR -1,640.11, below the required minimum of 1,100, and no eligible payment method keeps the plan safe."
request_221,0,not_affordable,not_recommended,none,,none,"Not affordable within the forecast period: the projected balance falls to INR 1,024.74, below the required minimum of 81,500, and no eligible payment method keeps the plan safe."
request_223,305.25,not_affordable,not_recommended,none,,none,"Not affordable within the forecast period: the projected balance falls to EUR 1,105.25, below the required minimum of 800, and no eligible payment method keeps the plan safe."
request_222,34078,affordable_now,full_payment,2026-01-05:34078,2026-01-05,none,"Pay ZAR 34,078 in full today. This keeps the projected balance at or above the 27,300 minimum throughout the 90-day forecast (worst point projected at ZAR 65,560.58)."
request_224,0,not_affordable,not_recommended,none,,none,"Not affordable within the forecast period: the projected balance falls to IDR -55,525,220.38, below the required minimum of 22,187,600, and no eligible payment method keeps the plan safe."
request_225,0,not_affordable,not_recommended,none,,none,"Not affordable within the forecast period: the projected balance falls to IDR -30,955,231.82, below the required minimum of 17,670,700, and no eligible payment method keeps the plan safe."
request_226,0,not_affordable,not_recommended,none,,none,"Not affordable within the forecast period: the projected balance falls to INR -166,709.13, below the required minimum of 209,400, and no eligible payment method keeps the plan safe."
request_227,0,not_affordable,not_recommended,none,,none,"Not affordable within the forecast period: the projected balance falls to INR -45,380.05, below the required minimum of 62,900, and no eligible payment method keeps the plan safe."
request_229,0,not_affordable,not_recommended,none,,none,"Not affordable within the forecast period: the projected balance falls to EUR -809.78, below the required minimum of 1,000, and no eligible payment method keeps the plan safe."
request_228,0,not_affordable,not_recommended,none,,none,"Not affordable within the forecast period: the projected balance falls to IDR -40,450,629.57, below the required minimum of 26,191,200, and no eligible payment method keeps the plan safe."
request_230,0,not_affordable,not_recommended,none,,none,"Not affordable within the forecast period: the projected balance falls to EUR 961.97, below the required minimum of 2,000, and no eligible payment method keeps the plan safe."
request_231,0,not_affordable,not_recommended,none,,none,"Not affordable within the forecast period: the projected balance falls to ZAR -5,737.04, below the required minimum of 24,300, and no eligible payment method keeps the plan safe."
request_233,0,not_affordable,not_recommended,none,,none,"Not affordable within the forecast period: the projected balance falls to IDR -27,534,344.29, below the required minimum of 10,365,700, and no eligible payment method keeps the plan safe."
request_232,0,not_affordable,not_recommended,none,,none,"Not affordable within the forecast period: the projected balance falls to EUR -4,595.56, below the required minimum of 2,400, and no eligible payment method keeps the plan safe."
request_235,0,not_affordable,not_recommended,none,,none,"Not affordable within the forecast period: the projected balance falls to USD -518.90, below the required minimum of 700, and no eligible payment method keeps the plan safe."
request_234,0,not_affordable,not_recommended,none,,none,"Not affordable within the forecast period: the projected balance falls to EUR -265.93, below the required minimum of 700, and no eligible payment method keeps the plan safe."
request_237,23014825.97,affordable_with_plan,full_payment,2026-04-05:23826000,,reduce_to:projected:shopping:2026-04-11:754870.29|reduce_to:projected:shopping:2026-05-11:754870.29,"Use full payment: 2026-04-05: IDR 23,826,000. This keeps the balance at or above the 22,431,500 minimum throughout the forecast. Requires: reduce_to:projected:shopping:2026-04-11:754870.29; reduce_to:projected:shopping:2026-05-11:754870.29."
request_236,0,not_affordable,not_recommended,none,,none,"Not affordable within the forecast period: the projected balance falls to IDR -8,778,229.96, below the required minimum of 16,768,600, and no eligible payment method keeps the plan safe."
request_239,0,not_affordable,not_recommended,none,,none,"Not affordable within the forecast period: the projected balance falls to USD 298.51, below the required minimum of 600, and no eligible payment method keeps the plan safe."
request_238,0,not_affordable,not_recommended,none,,none,"Not affordable within the forecast period: the projected balance falls to USD -192.08, below the required minimum of 700, and no eligible payment method keeps the plan safe."
request_240,0,not_affordable,not_recommended,none,,none,"Not affordable within the forecast period: the projected balance falls to INR -82,602.39, below the required minimum of 52,800, and no eligible payment method keeps the plan safe."
request_241,21052000,affordable_with_plan,installments,2024-03-17:7298026.67|2024-04-17:7298026.67|2024-05-18:7298026.67,2024-03-03,none,"Use installments: 2024-03-17: IDR 7,298,026.67, then 2024-04-17: IDR 7,298,026.67, then 2024-05-18: IDR 7,298,026.67. This keeps the balance at or above the 19,252,000 minimum throughout the forecast."
request_243,15154.67,not_affordable,not_recommended,none,,none,"Not affordable within the forecast period: the projected balance falls to ZAR 35,054.67, below the required minimum of 19,900, and no eligible payment method keeps the plan safe."
request_244,0,not_affordable,not_recommended,none,,none,"Not affordable within the forecast period: the projected balance falls to ZAR 24,314.80, below the required minimum of 45,900, and no eligible payment method keeps the plan safe."
request_242,0,not_affordable,not_recommended,none,,none,"Not affordable within the forecast period: the projected balance falls to EUR -1,104.90, below the required minimum of 600, and no eligible payment method keeps the plan safe."
request_245,0,not_affordable,not_recommended,none,,none,"Not affordable within the forecast period: the projected balance falls to INR -183,754.91, below the required minimum of 94,600, and no eligible payment method keeps the plan safe."
request_246,64086,affordable_with_plan,installments,2026-04-03:22216.48|2026-05-03:22216.48|2026-06-02:22216.48,2026-04-03,reduce_to:projected:shopping:2026-04-12:1243.16|reduce_to:projected:shopping:2026-05-12:1243.16,"Use installments: 2026-04-03: ZAR 22,216.48, then 2026-05-03: ZAR 22,216.48, then 2026-06-02: ZAR 22,216.48. This keeps the balance at or above the 39,300 minimum throughout the forecast. Requires: reduce_to:projected:shopping:2026-04-12:1243.16; reduce_to:projected:shopping:2026-05-12:1243.16."
request_247,0,not_affordable,not_recommended,none,,none,"Not affordable within the forecast period: the projected balance falls to EUR -209, below the required minimum of 1,300, and no eligible payment method keeps the plan safe."
request_249,0,not_affordable,not_recommended,none,,none,"Not affordable within the forecast period: the projected balance falls to USD -527.84, below the required minimum of 600, and no eligible payment method keeps the plan safe."
request_248,0,not_affordable,not_recommended,none,,none,"Not affordable within the forecast period: the projected balance falls to USD -891.08, below the required minimum of 1,300, and no eligible payment method keeps the plan safe."
request_250,0,not_affordable,not_recommended,none,,none,"Not affordable within the forecast period: the projected balance falls to ZAR -39,435.99, below the required minimum of 35,300, and no eligible payment method keeps the plan safe."
request_251,58.71,not_affordable,not_recommended,none,,none,"Not affordable within the forecast period: the projected balance falls to EUR 1,358.71, below the required minimum of 1,300, and no eligible payment method keeps the plan safe."
request_252,0,not_affordable,not_recommended,none,,none,"Not affordable within the forecast period: the projected balance falls to IDR -7,846,075.36, below the required minimum of 15,152,200, and no eligible payment method keeps the plan safe."
request_253,0,not_affordable,not_recommended,none,,none,"Not affordable within the forecast period: the projected balance falls to EUR -2,831.77, below the required minimum of 2,300, and no eligible payment method keeps the plan safe."
request_255,3345000,affordable_now,full_payment,2026-04-06:3345000,2026-04-06,none,"Pay IDR 3,345,000 in full today. This keeps the projected balance at or above the 9,813,900 minimum throughout the 90-day forecast (worst point projected at IDR 14,337,590.62)."
request_254,0,not_affordable,not_recommended,none,,none,"Not affordable within the forecast period: the projected balance falls to USD -842.57, below the required minimum of 2,500, and no eligible payment method keeps the plan safe."
request_257,0,not_affordable,not_recommended,none,,none,"Not affordable within the forecast period: the projected balance falls to USD -659.95, below the required minimum of 1,600, and no eligible payment method keeps the plan safe."
request_258,47.29,not_affordable,not_recommended,none,,none,"Not affordable within the forecast period: the projected balance falls to USD 547.29, below the required minimum of 500, and no eligible payment method keeps the plan safe."
request_256,0,not_affordable,not_recommended,none,,none,"Not affordable within the forecast period: the projected balance falls to INR -51,057.71, below the required minimum of 168,600, and no eligible payment method keeps the plan safe."
request_260,0,not_affordable,not_recommended,none,,none,"Not affordable within the forecast period: the projected balance falls to IDR -9,475,674.77, below the required minimum of 20,727,700, and no eligible payment method keeps the plan safe."
request_259,0,not_affordable,not_recommended,none,,none,"Not affordable within the forecast period: the projected balance falls to EUR -307.36, below the required minimum of 600, and no eligible payment method keeps the plan safe."
request_262,0,not_affordable,not_recommended,none,,none,"Not affordable within the forecast period: the projected balance falls to IDR -34,011,340.28, below the required minimum of 31,018,500, and no eligible payment method keeps the plan safe."
request_261,0,not_affordable,not_recommended,none,,none,"Not affordable within the forecast period: the projected balance falls to EUR 198.69, below the required minimum of 1,500, and no eligible payment method keeps the plan safe."
request_264,0,not_affordable,not_recommended,none,,none,"Not affordable within the forecast period: the projected balance falls to INR -59,820.22, below the required minimum of 59,500, and no eligible payment method keeps the plan safe."
request_263,0,not_affordable,not_recommended,none,,none,"Not affordable within the forecast period: the projected balance falls to ZAR -45,024.79, below the required minimum of 24,100, and no eligible payment method keeps the plan safe."
request_265,0,not_affordable,not_recommended,none,,none,"Not affordable within the forecast period: the projected balance falls to INR 159,932.36, below the required minimum of 189,700, and no eligible payment method keeps the plan safe."
request_266,0,not_affordable,not_recommended,none,,none,"Not affordable within the forecast period: the projected balance falls to EUR -261.10, below the required minimum of 900, and no eligible payment method keeps the plan safe."
request_267,0,not_affordable,not_recommended,none,,none,"Not affordable within the forecast period: the projected balance falls to EUR -671.02, below the required minimum of 1,500, and no eligible payment method keeps the plan safe."
request_268,0,not_affordable,not_recommended,none,,none,"Not affordable within the forecast period: the projected balance falls to EUR -1,236.09, below the required minimum of 1,400, and no eligible payment method keeps the plan safe."
request_270,0,not_affordable,not_recommended,none,,none,"Not affordable within the forecast period: the projected balance falls to USD 418.18, below the required minimum of 1,400, and no eligible payment method keeps the plan safe."
request_269,0,not_affordable,not_recommended,none,,none,"Not affordable within the forecast period: the projected balance falls to ZAR -46,991.97, below the required minimum of 23,100, and no eligible payment method keeps the plan safe."
request_271,0,not_affordable,not_recommended,none,,none,"Not affordable within the forecast period: the projected balance falls to INR -154,580.46, below the required minimum of 58,200, and no eligible payment method keeps the plan safe."
request_272,0,not_affordable,not_recommended,none,,none,"Not affordable within the forecast period: the projected balance falls to IDR -1,817,439.27, below the required minimum of 7,508,600, and no eligible payment method keeps the plan safe."
request_274,0,not_affordable,not_recommended,none,,none,"Not affordable within the forecast period: the projected balance falls to EUR -1,543.92, below the required minimum of 1,800, and no eligible payment method keeps the plan safe."
request_273,0,not_affordable,not_recommended,none,,none,"Not affordable within the forecast period: the projected balance falls to IDR -28,951,679.17, below the required minimum of 18,774,600, and no eligible payment method keeps the plan safe."
request_275,0,not_affordable,not_recommended,none,,none,"Not affordable within the forecast period: the projected balance falls to IDR -2,004,022.64, below the required minimum of 12,760,100, and no eligible payment method keeps the plan safe."
